{"cameraMode":{"drawMode":0,"name":"Shaded","section":"Shading Mode"},"sceneLighting":true,"audioPlay":false,"sceneViewState":{"m_AlwaysRefresh":false,"showFog":true,"showSkybox":true,"showFlares":true,"showImageEffects":true,"showParticleSystems":true,"showVisualEffectGraphs":true,"m_FxEnabled":true},"in2DMode":false,"pivot":{"x":0.5397886037826538,"y":0.5858519673347473,"z":-0.12604835629463197},"rotation":{"x":0.16491201519966126,"y":0.5825408101081848,"z":-0.12217747420072556,"w":0.7865114808082581},"size":0.7950593829154968,"orthographic":false}